time,flux
131.5124394588347,39024.062
131.53287376232765,39034.062
131.55330796582712,39028.047
131.57374206931854,39028.258
131.59417627258517,39031.824
131.61461057585257,39020.82
131.63504467900202,39036.902
131.65547888214496,39034.254
131.67591318517952,39029.97
131.69634738808963,39012.16
131.71678149100626,39024.184
131.73721569380723,39038.508
131.75764999648527,39031.703
131.77808409916906,39030.926
131.7985183017372,39042.78
131.8189526041824,39024.13
131.83938670651696,39032.81
131.85982090885227,39027.195
131.8802551111803,39031.098
131.90068931328278,39029.18
131.92112351538526,39026.29
131.94155771736405,39023.99
131.9619919193501,39034.36
131.98242612121976,39019.67
132.00286032296572,39024.273
132.02329442460177,39026.8
132.04372872623935,39033.598
132.06416292775248,39040.523
132.0845970291557,39036.836
132.1050312305597,39035.31
132.12546553184075,39039.895
132.14589963301114,39019.945
132.1663338341823,39028.723
132.18676813523052,39031.945
132.20720233616885,39032.598
132.2276364371064,39029.33
132.24807063792832,39033.76
132.2685049386273,39036.668
132.28893903933204,39028.29
132.30937323991384,39024.246
132.32980754038726,39031.355
132.35024164074275,39021.906
132.370675841099,39036.15
132.39111004133156,39036.12
132.41154424145498,39033.46
132.43197844157112,39031.33
132.45241264157812,39031.96
132.47284694158589,39032.617
132.4932810413593,39031.816
132.5137152411262,39029.484
132.5341493407832,39029.695
132.55458364043443,39033.27
132.57501783997577,39035.88
132.59545193939994,39033.97
132.6158862387092,39037.703
132.63632043801044,39051.85
132.65675463720254,39035.125
132.67718873627746,39031.93
132.69762303534662,39033.832
132.7180572343059,39040.45
132.73849133314798,39029.363
132.7589256319843,39040.477
132.77935983071075,39031.836
132.79979392932,39040.42
132.82022812780633,39033.242
132.8406624263007,39021.508
132.86109652467712,39036.023
132.88153072304704,39038.145
132.90196502119215,39048.133
132.92239911933575,39027.793
132.94283331735642,39039.855
132.96326751538436,39042.617
132.98370181329665,39028.598
133.00413591108372,39050.58
133.02457010876242,39039.453
133.04500430644111,39032.723
133.06543850399612,39036.33
133.08587270144199,39042.56
133.10630689888785,39033.117
133.1267410960936,39033.453
133.14717529342306,39034.703
133.16760949051968,39042.93
133.18804368760902,39036.227
133.20847798459,39040.863
133.22891208145302,39043.145
133.24934627830953,39033.336
133.2697804749405,39044.87
133.29021467168786,39039.246
133.31064886819513,39038.445
133.3310829647089,39030.223
133.3515172611078,39040.61
133.37195145738224,39038.24
133.39238565354754,39057.684
133.41281984971283,39032.27
133.43325404575444,39047.387
133.45368824180332,39045.043
133.4741223376186,39055.938
133.49455663342815,39043.906
133.5149908292442,39039.36
133.53542492482666,39040.22
133.55585922040336,39045.17
133.57629341587017,39038.938
133.5967275112198,39034.215
133.6171617065629,39040.35
133.63759600179765,39043.188
133.65803019690793,39052.44
133.6784642919083,39027.23
133.69889858691022,39024.414
133.71933278179495,39047.24
133.73976687655522,39046.094
133.76020107132354,39048.668
133.78063536596892,39045.266
133.80106946050364,39034.58
133.8215036549227,39038.16
133.84193784934178,39042.56
133.86237204352074,39031.34
133.8828062378234,39032.793
133.9032404318932,39042.465
133.92367462595575,39036.363
133.94410881990916,39041.6
133.96454301374615,39047.39
133.9849771074587,39042.387
134.00541140118003,39047.676
134.0258455947842,39039.957
134.0462796882639,39049.832
134.0667139817524,39044.867
134.08714817512373,39038.395
134.1075822683706,39036.6
134.1280164615091,39023.76
134.14845075464837,39027.79
134.16888494754676,39012.582
134.18931904045166,39016.887
134.2097533333581,39036.527
134.23018752614007,39017.152
134.25062161869573,39022.87
134.27105581125215,39013.484
134.29149010380206,39020.57
134.3119241962413,39014.17
134.33235838844848,39011.363
134.35279268076556,39025.492
134.37322677285556,39012.547
134.4140951569134,39028.605
134.43452934877132,39016.785
134.45496354051284,39021.227
134.47539773224707,39026.816
134.49583202387294,39025.56
134.51626611538086,39032.79
134.53670030676585,39035.188
134.55713439815736,39035.727
134.57756868943397,39046.586
134.59800288058614,39035.016
134.6184369717448,39036.465
134.63887116267142,39049.324
134.65930545359151,39039.047
134.6797396444017,39046.477
134.7001738352119,39047.305
134.7206080258984,39039.527
134.74104221635935,39033.62
134.76147630693595,39040.81
134.7819104972732,39044.81
134.8023447876185,39039.38
134.8227789778466,39035.742
134.84321306795755,39044.383
134.86364735794632,39036.086
134.8840815479416,39044.293
134.9045157378132,39043.215
134.9249498275749,39040.86
134.9453841172217,39041.44
134.96581830674404,39032.13
134.9862523962729,39037.83
135.00668668568687,39050.656
135.0271208750928,39066.633
135.04755496427242,39042.99
135.0679891534528,39041.773
135.08842344251025,39035.09
135.10885753145703,39042.88
135.12929172040458,39040.13
135.14972600911278,39044.09
135.1701601978275,39033.48
135.19059428642504,39046.21
135.21102847501606,39048.215
135.2314627633823,39039.59
135.251896851747,39041.42
135.2723310401052,39046.637
135.29276512823708,39046.508
135.31319941625406,39044.582
135.333633604263,39032.098
135.35406769216206,39053.277
135.37450197994622,39051.594
135.39493616772234,39043.23
135.4153703553893,39050.617
135.4358044428227,39038.293
135.45623873036675,39040.41
135.47667291768448,39049.25
135.49710700500145,39028.85
135.51754129207984,39047.34
135.53797547928116,39049.41
135.55840956624888,39041.79
135.57884375310095,39042.68
135.5992780399465,39051.805
135.6197121266814,39047.625
135.64014631329337,39039.746
135.66058059991337,39041.336
135.68101478629978,39043.195
135.70144887268543,39045.094
135.72188305894815,39042.105
135.7423173451025,39033.773
135.76275143124803,39048.293
135.78318561716878,39039.066
135.8036199030903,39043.543
135.82405398889387,39051.37
135.84448817469092,39043.105
135.86492236026243,39050.62
135.88535654582665,39039.02
135.90579073128174,39044.777
135.9262249166204,39047.656
135.94665900195832,39036.867
135.96709328705765,39038.35
135.9875274721635,39048.027
136.00796155715216,39055.543
136.02839584213507,39049.688
136.04883002689166,39041.402
136.0692641116475,39048.246
136.0896982962804,39032.08
136.11013258080493,39043.89
136.130566765205,39049.676
136.1510008496116,39046.67
136.17143513378687,39031.73
136.1918693179614,39030.49
136.21230340201146,39054.89
136.23273758606956,39055.97
136.25317186988832,39032.09
136.27360595371283,39048.086
136.2940401374217,39031.71
136.3144744210149,39053.402
136.3349085045993,39053.98
136.3553426879589,39034.72
136.37577687131852,39038.035
136.39621105455444,39038.086
136.41664523768122,39063.49
136.4370794206916,39034.543
136.45751370369544,39031.285
136.47794778658863,39051.812
136.49838196936616,39055.95
136.51881615202,39044.777
136.5392503345647,39039.957
136.55968451710942,39037.223
136.58011869953043,39044.23
136.6005528818423,39045.938
136.62098706403776,39047.723
136.64142124610953,39026.152
136.66185542818857,39032.99
136.6822896100348,39046.445
136.70272379187372,39054.047
136.72315797360352,39056.99
136.74359205533256,39033.617
136.764026336823,39050.395
136.78446051831997,39049.508
136.80489459969976,39034.84
136.8253288809574,39042.066
136.8457630621051,39039.004
136.86619724324555,39047.95
136.88663132415968,39040.8
136.90706560507533,39034.598
136.9274997858738,39041.81
136.94793386654783,39038.08
136.96836814723065,39035.13
136.9888023276726,39038.625
137.00923640812107,39043.168
137.02967058845388,39049.496
137.05010486867104,39046.645
137.0705389488794,39030.113
137.09097312886297,39041.324
137.11140740884002,39048.312
137.1318414887064,39043.465
137.15227566845715,39046.89
137.17270984809147,39050.523
137.19314412760286,39038.953
137.21357820712,39049.23
137.2340123865215,39045.918
137.25444646579854,39036.17
137.27488074496796,39047.867
137.2953149240202,39042.195
137.315749002948,39043.367
137.3361832818846,39040.027
137.356617460704,39032.727
137.39748571798555,39045.812
137.4179199965729,39045.29
137.43835417491937,39047.31
137.45878825327236,39033.85
137.47922253151046,39035.465
137.4996567096241,39046.285
137.52009078762785,39030.848
137.54052496551594,39045.207
137.56095924339752,39051.78
137.58139332116843,39045.37
137.6018274988237,39048.14
137.62226177635603,39040.02
137.64269595377846,39028.703
137.6631300310837,39050.266
137.68356420838245,39025.64
137.7039984855728,39030.176
137.72443256264523,39037.164
137.74486673959473,39048.977
137.76530101643584,39032.36
137.78573509315902,39055.97
137.80616926987568,39037.473
137.82660334648244,39036.04
137.8470376228579,39035.895
137.86747179934173,39039.42
137.8879059756,39056.76
137.9083400517411,39043.676
137.92877432787645,39054.727
137.94920850378548,39044.203
137.96964257969375,39037.332
137.99007685547986,39029.79
138.01051103115606,39044.24
138.0309451068315,39037.34
138.05137928227487,39036.953
138.07181355771172,39029.062
138.09224773303868,39050.52
138.11268180824118,39042.95
138.13311608333606,39032.117
138.15355025831377,39031.88
138.17398433328344,39044.74
138.19441850802832,39036.273
138.21485278277396,39043.273
138.23528695739515,39034.695
138.25572103190643,39044.156
138.27615530630283,39052.67
138.29658948069118,39040.082
138.31702355485322,39044.93
138.33745772901602,39051.945
138.3578920030559,39028.453
138.37832617698587,39050.082
138.39876025079866,39054.74
138.41919452448928,39039.508
138.43962869807,39042.418
138.46006277164997,39032.13
138.480496945107,39047.164
138.50093121833925,39036.438
138.52136529156996,39039.65
138.54179946479417,39050.395
138.56223363779281,39059.203
138.58266781067505,39046.19
138.60310198355,39043.027
138.62353615631582,39049.848
138.6439703288488,39052.277
138.66440450137452,39047.54
138.6848386739075,39053.18
138.7052727462069,39054.31
138.72570701838413,39052.957
138.74614119056787,39043.37
138.76657526263443,39053.445
138.7870095344624,39034.85
138.8074437062969,39045.7
138.82787777813064,39059.63
138.84831194972503,39052.82
138.86874622121104,39057.613
138.8891803926963,39043.863
138.90961446394795,39045.44
138.93004873519385,39040.78
138.95048290632985,39059.42
138.9709169773414,39048.047
138.99135114824458,39050.09
139.0117854191485,39041.72
139.0322194898181,39059.004
139.05265366048116,39042.598
139.07308793103584,39058.57
139.0935220013489,39067.883
139.1139561717864,39049.426
139.1343903419911,39058.05
139.15482451207936,39040.605
139.17525868204393,39074.863
139.19569285201578,39065.562
139.21612692175404,39043.254
139.23656119148654,39059.066
139.25699536110915,39060.633
139.27742943061457,39046.473
139.29786369999783,39055.99
139.3182978693876,39048.29
139.33873203853727,39050.484
139.35916610769345,39054.555
139.37960037661833,39051.918
139.40003454554244,39066.438
139.4204686143421,39059.88
139.44090288303414,39049.523
139.46133705160173,39050.285
139.48177112005942,39041.934
139.50220528851787,39062.043
139.52263955674425,39044.17
139.54307362496183,39049.07
139.56350779295462,39054.027
139.5839420609409,39048.35
139.6043761288165,39070.32
139.62481029657647,39061.227
139.64524446433643,39058.805
139.66567873185704,39069.023
139.686112799267,39070.656
139.7065469666777,39059.977
139.72698113396473,39056.11
139.7474153010262,39063.027
139.76784946808766,39059.996
139.78828363502544,39055.547
139.80871780185407,39064.92
139.8291519686827,39057.547
139.84958613527124,39058.676
139.87002030186704,39067.33
139.89045446823002,39065.85
139.91088863458572,39062.64
139.93132280083228,39063.215
139.9517570669559,39053.285
139.97219113296887,39054.05
139.9926252988662,39045.906
140.01305936464632,39055.445
140.0334936303043,39069.54
140.05392779596878,39060.65
140.07436196139315,39053.734
140.0947961268248,39062.27
140.11523029214004,39054.35
140.13566445733886,39065.77
140.15609852241323,39063.29
140.17653278737998,39048.258
140.19696695222228,38993.59
140.21740101695468,38873.664
140.2378352815722,38834.504
140.25826944618893,38798.402
140.2787035105648,38785.48
140.29913767494872,38769.992
140.3195719392097,38759.137
140.34000600336003,38755.207
140.38087433131295,38737.844
140.40130859510828,38738.93
140.42174265879294,38749.598
140.44217682247836,38728.844
140.46261108592444,38733.36
140.48304514937627,38734.953
140.50347931271244,38730.953
140.52391337580775,38736.9
140.54434763891186,38751.797
140.5647818018988,38736.152
140.58521596476203,38735.49
140.60565012751613,38741.28
140.6260842901538,38830.324
140.64651845278422,38757.008
140.6669525151883,38777.84
140.68738677759393,38784.977
140.70782093975868,38805.55
140.72825500192994,38838.984
140.7486892639863,38923.66
140.76912342591822,39024.555
140.78955748762382,39052.89
140.8099916493302,39060.22
140.83042591103003,39048.684
140.85086007250356,39052.46
140.87129413385992,39065.234
140.89172829520976,39045.66
140.9121625563348,39046.63
140.93259661734191,39048.938
140.9530307783425,39055.91
140.97346503923472,39052.63
140.993899100009,39061.117
141.01433326054394,39052.91
141.03476742108614,39054.85
141.05520158162835,39053.05
141.07563574193045,39047.324
141.09606990212342,39063.746
141.11650406219997,39054.094
141.13693822215282,39047.62
141.15737238211295,39062.59
141.1778064418395,39049.406
141.19824070156028,39038.953
141.21867486117117,39050.105
141.23910892054846,39052.996
141.25954317992,39057.47
141.27997733918164,39050.043
141.3004113983261,39044.086
141.32084555734764,39048.016
141.3412798162608,39059.984
141.3617139751732,39058.22
141.38214803384471,39056.156
141.40258219240786,39055.816
141.42301645085536,39055.434
141.4434506092948,39060.406
141.46388466762437,39050.84
141.48431892572262,39051.656
141.50475308381283,39051.055
141.52518714179314,39057.34
141.5456212996578,39045.3
141.56605545728235,39050.65
141.58648971491493,39045.305
141.60692377242958,39057.41
141.62735802993848,39049.477
141.64779218722106,39046.883
141.66822624438646,39054.3
141.68866040142893,39048.926
141.70909465847944,39043.87
141.7295287152956,39055.133
141.74996287210524,39050.66
141.7703971286901,39063.31
141.79083118527342,39051.223
141.8112653416174,39047.477
141.83169949796866,39048.312
141.8521336542035,39045.56
141.87256781031465,39053.145
141.89300196631666,39044.95
141.91343622220302,39044.824
141.93387027796416,39057.574
141.95430443361693,39044.86
141.97473848915251,39041.6
141.99517274456593,39056.867
142.01560689998587,39040.742
142.0360409551722,39072.883
142.05647511023562,39055.93
142.07690936530707,39060.863
142.09734352014493,39055.55
142.11777757498203,39060.62
142.13821182969696,39060.164
142.15864598418557,39047.84
142.17908003866614,39043.34
142.19951419303834,39046.02
142.21994844717847,39048.387
142.24038250131707,39047.164
142.26081665533275,39051.15
142.28125090924004,39046.844
142.30168496302213,39048.477
142.32211911669583,39065.523
142.34255327036954,39041.145
142.3629875238039,39051.99
142.3834215771276,39074.555
142.40385573033564,39060.15
142.42428998353716,39053.723
142.44472403651162,39063.54
142.4651581893704,39050.805
142.48559224222845,39062.973
142.5060264948479,39039.625
142.52646064747387,39067.586
142.54689479985973,39058.59
142.5673288522521,39049.062
142.58776310452959,39056.824
142.6081972566899,39053.35
142.62863130860933,39033.617
142.64906556053757,39045.02
142.66949971234135,39036.996
142.68993376403523,39050.934
142.71036791561346,39049.777
142.73080216707604,39054.082
142.7512362184134,39060.688
142.77167036964238,39051.586
142.79210462074843,39040.13
142.81253867174382,39043.977
142.83297282262356,39061.39
142.85340697338688,39043.535
142.8738412241437,39049.977
142.89427527467342,39059.254
142.9147094250875,39049.17
142.93514367537864,39046.707
142.95557772567554,39049.39
142.97601187574037,39051.754
142.99644592579716,39038.543
143.01688017562992,39052.203
143.03731432546192,39042.03
143.0577484750538,39046.703
143.07818262465298,39053.15
143.09861677401932,39052.69
143.11905092337838,39048.93
143.1394850726283,39047.363
143.15991922163812,39044.574
143.1803533706552,39061.395
143.20078741955513,39042.64
143.2212215683394,39044.973
143.2416558168843,39053.324
143.26208996543573,39055.906
143.28252411386347,39052.145
143.30295826218207,39052.277
143.32339241038426,39050.684
143.36426060643134,39042.395
143.38469485428504,39046.344
143.4051290020143,39057.89
143.42556304963364,39064.54
143.4459972971381,39043.22
143.46643144452537,39058.176
143.4868654917882,39043.51
143.50729963894264,39046.08
143.52773388597416,39056.848
143.54816803289577,39060.05
143.5686020797002,39045.42
143.58903632638976,39058.902
143.60947047307127,39045.22
143.62990451952646,39056.793
143.650338665866,39054.074
143.6707729120826,39056.41
143.69120695830497,39060.586
143.71164110429527,39051.867
143.73207525016187,39044.53
143.75250939591933,39073.03
143.7729435416768,39045.734
143.79337768719415,39052.29
143.81381183271878,39059.723
143.83424597801059,39049.285
143.8546801231787,39055.76
143.87511416835332,39037.637
143.89554841329664,39052.133
143.9159825581155,39041.69
143.93641660294088,39043.363
143.95685084753495,39060.53
143.97728499212099,39042.273
143.9977190364807,39047.29
144.01815318084118,39031.992
144.03858742496232,39056.133
144.05902156897355,39046.082
144.07945561298402,39050.555
144.0998898567559,39050.777
144.1203240005343,39050.26
144.14075804407912,39058.316
144.16119218761742,39059.07
144.18162643093092,39050.938
144.2020604742429,39050.074
144.22249461731553,39051.906
144.2429288603962,39046.14
144.26336290324252,39049.145
144.28379704608233,39051.098
144.30423118869658,39031.957
144.32466533131083,39037.684
144.34509947368497,39055.965
144.3655336160664,39053.32
144.3859676582142,39041.934
144.4064019003563,39043.49
144.42683604227204,39040.375
144.44727008418704,39050.73
144.46770432586345,39045.613
144.48813846754638,39038.137
144.5085725089957,39054.445
144.52900665043853,39046.094
144.54944089165656,39038.95
144.56987503287382,39055.074
144.5903090738575,39039.434
144.61074331483542,39043.0
144.63117745558702,39039.625
144.6516114963306,39041.29
144.67204563684936,39034.61
144.69247987725248,39050.883
144.7129139176468,39043.285
144.73334805781633,39044.25
144.75378229798662,39032.76
144.77421633791528,39052.652
144.79465047785197,39038.734
144.81508461755584,39043.484
144.83551885713678,39042.832
144.85595289672347,39055.67
144.87638703607809,39040.957
144.89682117530901,39046.89
144.9172553144308,39047.78
144.9376894535526,39044.26
144.95812359243428,39057.473
144.97855783120758,39039.805
144.99899186997936,39054.504
145.0194260085118,39042.406
145.0398601469351,39051.12
145.06029428524198,39047.07
145.08072842342517,39037.535
145.10116256161564,39039.273
145.12159679957404,39054.105
145.14203083740722,39057.12
145.16246497513202,39056.61
145.18289901273965,39043.797
145.2033332502251,39055.332
145.22376738760067,39047.09
145.24420142485906,39060.0
145.26463566199527,39036.734
145.28506979902158,39051.746
145.30550393593148,39041.023
145.3259379727242,39031.355
145.34637220939476,39063.395
145.3668063459554,39046.867
145.3872403823916,39052.965
145.40767461860378,39052.594
145.42810875481518,39043.16
145.4485427909094,39053.594
145.4689769268807,39055.035
145.48941116274364,39043.117
145.50984519836493,39035.94
145.53027933399426,39049.54
145.55071346939076,39044.438
145.57114770478074,39036.195
145.59158174006006,39040.68
145.61201587510732,39053.9
145.63245011014806,39049.902
145.65288414496172,39046.098
145.67331827977614,39044.188
145.69375231435697,39051.82
145.71418654881563,39039.6
145.7346206832808,39046.04
145.75505481750588,39038.24
145.7754889516218,39049.832
145.79592308573774,39040.85
145.81635721962084,39050.137
145.8367912533795,39035.125
145.85722548703052,39044.0
145.8776596205571,39045.965
145.89809365397377,39032.215
145.91852788727556,39047.32
145.93896202046017,39043.766
145.95939605352032,39049.703
145.9798301864721,39036.754
146.00026441930095,39043.777
146.0206985520199,39038.12
146.04113258462166,39050.254
146.06156681699213,39053.99
146.08200094935455,39044.848
146.10243498160708,39036.38
146.12286911362753,39036.21
146.14330334564147,39032.773
146.16373737754475,39030.74
146.18417150921596,39026.355
146.20460564076348,39044.574
146.22503977231827,39046.734
146.24547390364023,39053.88
146.2659080348385,39042.41
146.28634216604405,39037.23
146.30677629701677,39030.473
146.34764445860492,39042.76
146.36807868922187,39052.547
146.38851281972893,39043.043
146.4089468501188,39040.113
146.4293810803938,39039.688
146.44981521054433,39037.36
146.47024924058496,39034.258
146.49068347050343,39048.96
146.51111760019558,39046.84
146.53155172988772,39050.324
146.5519857594627,39045.375
146.57241998879908,39052.797
146.592854118142,39056.688
146.61328824724478,39047.656
146.6337222763541,39037.145
146.6541565052321,39043.652
146.67459063399292,39045.65
146.6950246626293,39032.39
146.71545889127447,39038.754
146.73589301967877,39043.92
146.75632714797393,39049.85
146.77676117615192,39031.95
146.79719540421502,39050.547
146.81762953215366,39041.547
146.838063559866,39047.242
146.85849768757907,39025.875
146.87893191516923,38941.688
146.89936594264873,38905.324
146.91980006989616,38902.855
146.94023429713707,38888.348
146.9606683241509,38902.363
146.98110245104908,38893.516
147.00153657794,38899.477
147.02197070460534,38891.1
147.04240483115427,38896.543
147.06283895757952,38868.363
147.08327318389638,38883.453
147.1037072100953,38883.816
147.1241413361713,38880.164
147.1445753621374,38879.645
147.1650095879886,38890.75
147.18544371371536,38894.008
147.2058777392158,38878.02
147.22631196471775,38883.24
147.24674609009526,38886.844
147.2671802152472,38902.305
147.28761424028198,38911.504
147.308048465311,38922.465
147.3284825901137,38962.383
147.34891661479924,39034.996
147.36935073936183,39052.24
147.38978496381606,39046.797
147.41021898815234,39035.055
147.4306531123657,39044.6
147.45108733647066,39055.312
147.4715213604577,39063.273
147.4919554842054,39052.535
147.51238960796036,39034.8
147.53282383148326,39044.062
147.55325785499736,39060.52
147.57369197828666,39053.42
147.5941262014603,39036.004
147.61456022462517,39053.176
147.63499434756523,39040.152
147.6554283703881,39049.773
147.67586259308882,39051.668
147.69629671567964,39036.31
147.71673073803686,39045.246
147.73716496038833,39028.945
147.7575990826299,39055.363
147.77803320463863,39048.05
147.7984672266466,39048.695
147.818901448416,39048.7
147.8393355700755,39039.9
147.85976959172694,39039.42
147.8802037131536,39050.363
147.9210719556504,39044.33
147.94150607672782,39042.266
147.96194029757316,39036.168
147.9823743184097,39042.582
148.00280843913788,39042.02
148.02324255963322,39033.785
148.04367678012204,39055.57
148.0641108003838,39031.535
148.08454492052988,39057.824
148.10497914066946,39049.504
148.12541316058196,39046.99
148.1458472803788,39050.586
148.16628140005196,39038.926
148.18671551949956,39040.48
148.20714963894716,39031.73
148.22758375827107,39032.36
148.24801797737018,39028.19
148.26845199646777,39036.5
148.28888611532602,39030.168
148.30932023407513,39025.74
148.32975435282424,39040.52
148.35018847133324,39029.617
148.3706225897331,39042.668
148.3910566080158,39049.324
148.4114908260599,39039.215
148.4319249441105,39040.543
148.4523590620447,39034.02
148.4727931797388,39030.77
148.49322729732376,39044.137
148.5136614149087,39046.15
148.53409543226007,39043.59
148.55452964948927,39060.113
148.57496376660856,39039.395
148.5953977836034,39044.76
148.61583200049063,39062.38
148.63626611714426,39038.2
148.65670013379713,39028.703
148.67713425032707,39045.69
148.69756846663222,39035.355
148.71800248281215,39037.684
148.7384365988837,39038.688
148.75887081495603,39037.92
148.77930493067106,39038.85
148.7997389463926,39047.41
148.8201730619985,39045.3
148.84060727748147,39040.906
148.86104129273735,39028.316
148.881475407994,39038.934
148.9019096230113,39063.52
148.92234363791795,39041.242
148.94277775270893,39038.902
148.96321186737623,39037.543
148.9836459819344,39042.875
149.00408009637613,39031.36
149.02451421070145,39038.43
149.0449482247859,39041.35
149.06538243887917,39048.91
149.08581655273156,39044.867
149.10625056647405,39033.625
149.12668478021806,39044.65
149.14711889361206,39036.44
149.16755290699803,39038.242
149.1879870202756,39036.363
149.20842123343027,39076.777
149.2288553463586,39042.43
149.2492893592862,39045.86
149.26972357198247,39038.61
149.2901576845543,39038.484
149.33102580936247,39027.176
149.3514600215858,39049.37
149.37189403369848,39039.27
149.39232814557909,39052.465
149.41276235745318,39023.668
149.4331963691002,39034.883
149.45363048074796,39038.383
149.47406459215563,39047.55
149.49449870345416,39042.156
149.51493281463627,39051.31
149.53536692557827,39045.527
149.55580113652832,39054.55
149.57623514723673,39048.637
149.59666925795318,39034.855
149.61710326843604,39031.86
149.637537478804,39041.848
149.65797158904752,39044.66
149.67840559918113,39043.445
149.6988397091991,39029.36
149.71927391909412,39032.914
149.73970802876283,39055.312
149.76014203831437,39042.89
149.78057624786015,39035.246
149.80101035717962,39050.844
149.8214443663819,39029.875
149.84187847546127,39044.59
149.86231268431584,39027.94
149.88274679316964,39043.1
149.90318080178258,39049.336
149.92361501040432,39048.906
149.9440491187852,39046.637
149.96448322705692,39040.027
149.98491723521147,39037.098
150.00535144325113,39021.203
150.02578555116634,39045.062
150.04621955897164,39037.312
150.06665376653837,39034.594
150.08708787387877,39063.37
150.10752188145125,39041.08
150.12795598855882,39032.914
150.14839019565989,39030.65
150.16882420253387,39037.566
150.18925830940861,39033.87
150.20969251604402,39039.816
150.23012652268517,39047.418
150.25056062909425,39040.406
150.27099473549606,39026.36
150.29142894167308,39038.477
150.31186294761574,39038.266
150.33229705355188,39030.56
150.3527310592617,39035.293
150.37316526497307,39047.773
150.39359937044355,39042.727
150.41403337568772,39044.61
150.43446758093341,39035.605
150.45490168617107,39033.99
150.47533579118317,39034.723
150.49576979596168,39047.51
150.5162040005016,39031.473
150.53663810504804,39035.33
150.55707210959372,39027.74
150.5775063139008,39045.324
150.5979404179816,39035.516
150.6183744220616,39037.992
150.63880852590228,39041.67
150.65924272975099,39056.953
150.67967673336534,39037.426
150.70011083697318,39045.96
150.72054504035623,39021.18
150.74097914350568,39038.21
150.7614131466471,39036.48
150.78184724956373,39032.957
150.8022814524811,39037.227
150.82271545515687,39056.44
150.84314955760783,39038.02
150.86358376005956,39042.96
150.88401776226965,39040.79
150.90445186448778,39025.883
150.92488596647308,39040.977
150.9453200684511,39026.695
150.96575417020358,39045.88
150.98618827172322,39051.688
151.0066222732421,39028.85
151.02705647475523,39022.74
151.0474905758092,39043.375
151.06792457685515,39042.895
151.0883587779099,39036.133
151.10879287873104,39030.13
151.12922687931132,39038.336
151.14966097989964,39045.984
151.17009518025588,39034.63
151.19052918060333,39047.29
151.210963280726,39045.043
151.2313974808494,39039.613
151.25183158073196,39024.92
151.2722655803882,39044.582
151.2926996800452,39029.29
151.31313387946284,39044.63
151.3335678786534,39052.703
151.35400197784475,39042.562
151.37443617702957,39040.207
151.3948701759873,39035.08
151.41530427471298,39032.246
151.43573837343138,39028.0
151.45617247192422,39031.953
151.47660657018423,39033.06
151.49704066843697,39033.953
151.51747476669698,39034.496
151.53790886449133,39040.543
151.55834296251123,39028.195
151.57877706007275,39037.293
151.59921125763503,39025.375
151.61964525518852,39034.02
151.64007935228437,39033.746
151.68094754646881,39035.08
151.70138164333184,39028.234
151.72181574019487,39026.816
151.7422498368178,39041.74
151.76268393321516,39024.19
151.78311802961252,39033.863
151.80355202576902,39023.168
151.82398622193432,39035.594
151.84442031786602,39033.83
151.86485431356414,39022.46
151.8852885092565,39034.258
151.90572260472254,39034.746
151.92615660018055,39035.336
151.94659069541376,39033.99
151.9670248904149,39037.1
151.987458985408,39052.387
152.0078929801748,39038.29
152.02832717494312,39041.242
152.04876126947056,39033.617
152.06919526400452,39035.76
152.0896293583064,39039.324
152.11006355236896,39034.0
152.13049754643725,39040.812
152.15093164027348,39027.883
152.1713657338696,39021.293
152.191799827473,39050.105
152.2122339210764,39031.305
152.23266801444697,39029.81
152.2531022075782,39042.58
152.27353620048234,39026.96
152.31440428628412,39045.316
152.33483847895695,39042.332
152.3552725713962,39039.094
152.3757065638274,39044.37
152.39614075603458,39046.04
152.4165748480009,39036.6
152.43700893997448,39065.684
152.45744293171447,39032.062
152.47787712345598,39036.613
152.49831121495663,39043.723
152.51874520623096,39034.29
152.53917939749954,39068.977
152.55961348877463,39047.348
152.5800474795833,39051.33
152.60048157039273,39033.55
152.62091576119565,39026.93
152.6413497517715,39037.066
152.68221793245175,39037.777
152.7026520225627,39043.7
152.72308611267363,39040.477
152.74352020231163,39054.355
152.7639543921905,39145.133
152.78438838182774,39046.01
152.8048224712402,39041.605
152.82525646041904,39034.39
152.84569064959942,39050.746
152.86612473877176,39035.2
152.88655872748495,39051.156
152.9069929161924,39036.7
152.92742700490635,39043.406
152.94786109338747,39048.23
152.968295081635,39050.41
152.98872926987679,39053.816
153.00916335789225,39033.42
153.02959734590695,39035.594
153.05003153368307,39030.12
153.07046562123287,39042.32
153.0908996087819,39042.285
153.1113336960916,39059.34
153.13176788340934,39040.832
153.1522018702599,39041.914
153.17263595733675,39051.83
153.19307004418806,39037.426
153.2135042308073,39045.797
153.23393831718568,39037.03
153.25437230357056,39048.3
153.2748064899497,39032.152
153.29524057586968,39031.89
153.3156745617889,39036.18
153.3361086477089,39039.133
153.35654273338878,39040.477
153.3769768188431,39045.266
153.39741090429743,39048.777
153.4178450895124,39036.387
153.4382791747339,39043.465
153.45871315948898,39046.57
153.47914724447037,39042.625
153.49958142899413,39052.152
153.52001541351638,39048.25
153.5404494980321,39031.332
153.56088368232304,39046.824
153.58131766637962,39029.72
153.60175175042968,39041.55
153.6221858342542,39051.74
153.64261991784588,39022.727
153.66305400143028,39048.773
153.68348808478913,39037.938
153.70392206814722,39047.67
153.72435625126673,39055.12
153.74479033415992,39043.516
153.76522431705234,39045.777
153.7856584997062,39044.77
153.80609258236655,39075.227
153.8265265647933,39046.098
153.84696064698073,39038.06
153.8673948291762,39040.332
153.8878288111373,39050.707
153.9082628930919,39054.773
153.92869707482168,39042.67
153.9491311563179,39054.84
153.96956513780606,39047.61
153.98999921906943,39054.508
154.01043340010074,39035.375
154.03086738112324,39052.047
154.05130146192096,39050.76
154.07173564271943,39049.18
154.09216962327628,39046.965
154.11260370384116,39049.684
154.13303778394038,39043.24
154.15347186426516,39045.492
154.17390594413155,39045.78
154.19434002399794,39046.676
154.21477410385705,39043.938
154.23520818325778,39045.12
154.25564226289134,39059.88
154.2760762420512,39051.977
154.29651042121986,39032.402
154.31694450015493,39040.812
154.33737847908196,39029.88
154.3578125577842,39051.426
154.3782467364872,39044.254
154.39868071471574,39046.844
154.41911479318514,39040.57
154.43954897118965,39049.227
154.45998304918612,39050.035
154.4804170271891,39040.42
154.5008511047272,39042.94
154.52128528225876,39048.375
154.54171925979608,39043.4
154.56215333710134,39045.453
154.58258751416724,39059.49
154.6030214912389,39041.332
154.6234555680785,39051.12
154.64388964467798,39045.992
154.66432372128475,39043.723
154.6847577978915,39050.625
154.70519187402533,39034.13
154.7256260501672,39040.63
154.7460600260747,39066.953
154.7664941019757,39040.074
154.78692817765113,39030.926
154.80736225332657,39045.883
154.8277963287619,39048.8
154.84823030397092,39046.918
154.86866447918146,39053.43
154.88909855415113,39052.723
154.90953262889525,39054.887
154.92996670363937,39041.707
154.95040077814338,39052.613
154.97083485265466,39043.195
154.9912689267003,39047.45
155.0117029009707,39054.24
155.03213707478426,39056.668
155.05257114882988,39049.125
155.07300512240909,39043.984
155.09343929598253,39042.785
155.11387336932967,39053.727
155.13430734266876,39052.492
155.15474141578306,39055.375
155.1751755886653,39047.535
155.1956096615395,39051.3
155.21604363418737,39046.69
155.23647770660318,39053.344
155.25691187901248,39047.68
155.29777992337768,39046.336
155.3182140953213,39052.938
155.33864806703787,39056.574
155.35908213875518,39045.13
155.3795162102324,39039.64
155.39995028148405,39048.31
155.4203843527357,39036.652
155.44081842375454,39034.14
155.46125259476685,39049.984
155.48168656555208,39062.81
155.50212063609797,39053.28
155.52255460665037,39038.92
155.54298877697147,39056.08
155.58385681713844,39047.266
155.60429098699387,39067.746
155.62472505684127,39058.73
155.6451591264631,39046.03
155.66559309585136,39054.785
155.68602726524114,39039.15
155.70646133439004,39051.406
155.72689530331263,39048.28
155.74732937223598,39049.4
155.76776354092,39049.516
155.78819750960974,39051.68
155.80863157806743,39044.887
155.82906574628578,39052.37
155.84949971450988,39061.445
155.8699337825019,39040.508
155.89036785025382,39038.86
155.91080201801378,39053.44
155.9312359855394,39035.887
155.95167005282565,39048.195
155.97210422011995,39050.395
155.9925381871726,39048.066
156.01297225423332,39050.71
156.03340622106043,39036.375
156.05384038765624,39043.188
156.074274454244,39052.33
156.09470852060622,39036.85
156.11514258672833,39059.766
156.1355766528577,39038.43
156.15601071875426,39043.64
156.17644468465005,39048.504
156.19687885030726,39050.54
156.21731291573815,39059.504
156.23774688116828,39040.79
156.25818094635906,39055.484
156.27861511132505,39037.168
156.29904907628952,39036.96
156.31948314101464,39038.336
156.33991730551497,39049.164
156.36035127001378,39043.5
156.38078533427324,39063.008
156.40121939853998,39048.207
156.42165356257465,39040.426
156.4420875263677,39042.99
156.46252159016876,39033.586
156.4829557537305,39055.08
156.50338971706515,39052.07
156.52382378040056,39032.94
156.54425784350315,39044.184
156.56469190636562,39038.676
156.58512596923538,39069.637
156.6055600318723,39032.113
156.62599409450195,39056.957
156.64642815690604,39041.03
156.6668622190773,39047.42
156.6872962812413,39059.555
156.70773034317972,39041.184
156.72816440488532,39066.707
156.74859846658364,39044.6
156.76903242805565,39046.344
156.78946658929635,39041.832
156.80990065052902,39043.19
156.83033471153612,39028.85
156.85076877254323,39053.344
156.87120283331024,39040.79
156.89163689385168,39031.773
156.91207085415954,39046.91
156.93250501446164,39054.473
156.95293907477026,39034.83
156.97337303461245,39037.645
156.9938071944489,39029.395
157.01424125429185,39048.1
157.0346752139012,39033.27
157.05510927327123,39047.61
157.07554343241645,39055.73
157.09597739156015,39037.734
157.1164114504645,39043.85
157.1368456093769,39049.94
157.15727966782288,39039.36
157.17771362649364,39034.555
157.19814768470678,39050.504
157.21858184292068,39047.336
157.23901580089296,39034.08
157.25944985887327,39042.25
157.27988391662075,39038.56
157.30031797436095,39043.133
157.32075203164277,39047.926
157.3411860889246,39045.152
157.36162014619913,39034.91
157.3820542030153,39042.508
157.40248826006427,39036.383
157.42292221664684,39050.223
157.44335637322365,39039.742
157.46379042957415,39037.895
157.4842243859166,39041.285
157.50465854203503,39046.777
157.52509259791987,39039.633
157.54552655356383,39049.984
157.56596060921584,39036.992
157.5863947648686,39045.348
157.6068287200469,39042.355
157.62726277523325,39038.71
157.64769693042035,39055.19
157.6681309853666,39031.492
157.6885649400865,39043.42
157.70899899457436,39041.066
157.7294331490557,39052.51
157.74986710330995,39048.652
157.77030115733214,39050.453
157.79073531134782,39034.28
157.8111692651364,39052.316
157.83160331892577,39030.656
157.85203737247502,39053.797
157.87247142579872,39057.58
157.89290547912242,39037.605
157.91333953197318,39045.715
157.93377348506328,39047.824
157.95420763768925,39034.71
157.97464169030718,39048.535
157.99507564293162,39031.707
158.01550979509193,39037.88
158.0359438472442,39041.07
158.05637779940298,39038.773
158.07681185109686,39038.25
158.09724600278423,39034.586
158.11768005447811,39033.7
158.13811400570557,39030.223
158.1585481571601,39048.223
158.1789822081555,39026.734
158.19941615915013,39033.668
158.21985020990542,39038.32
158.2402843604359,39030.734
158.28115236126177,39056.62
158.30158651155216,39050.55
158.32202056161623,39043.152
158.34245451143943,39033.32
158.36288856103783,39043.66
158.383322710637,39047.652
158.4037567599953,39046.2
158.42419070936012,39036.164
158.44462475849286,39030.78
158.46505890738626,39054.3
158.48549285628542,39042.38
158.5059269049525,39034.77
158.52636105338024,39047.234
158.54679500181373,39042.438
158.56722905001516,39059.21
158.58766309797647,39041.6
158.60809714594507,39049.152
158.628531193448,39043.465
158.64896524118376,39030.67
158.66939938868018,39034.62
158.68983333594952,39031.977
158.7102673829795,39030.234
158.73070133001602,39034.285
158.75113547682122,39039.516
158.77156952339283,39052.125
158.79200356995716,39026.28
158.81243761629594,39030.973
158.8328716623946,39010.133
158.85330570850056,39025.9
158.8737396543729,39035.27
158.89417380001396,39024.793
158.91460784564697,39011.867
158.93504179105366,39027.863
158.9554759364546,39014.824
158.9759099813964,39012.535
158.99634392633743,39023.645
159.01677797127923,39021.1
159.03721211598167,39026.637
159.05764606045705,39037.652
159.07808010470035,39027.277
159.09851414893637,39016.754
159.1189482929476,39036.4
159.13938223695732,39027.35
159.15981628049485,39041.883
159.18025042427325,39039.863
159.2006843675772,39037.348
159.22111841088918,39052.7
159.24155235396756,39044.84
159.26198649681464,39038.93
159.28242053965369,39047.934
159.30285458226717,39041.72
159.32328862487338,39041.836
159.34372266725404,39049.457
159.36415670940187,39029.92
159.3845906513161,39035.895
159.40502479322458,39043.637
159.42545883490675,39043.598
159.44589277658815,39041.79
159.46632691803097,39036.098
159.48676095924748,39040.414
159.5071949002304,39038.742
159.52762894120679,39035.996
159.5480630819584,39042.094
159.56849702270847,39030.27
159.58893106298638,39023.33
159.6093651035044,39029.29
159.6297992435575,39039.58
159.6502331836018,39046.77
159.67066722342133,39047.348
159.6911013630015,39045.52
159.71153530258744,39049.85
159.7319693419413,39036.45
159.75240338129515,39051.645
159.7728374204089,39038.38
159.7932714592971,39039.12
159.81370549795247,39031.87
159.83413953660056,39034.324
159.8545735750231,39041.457
159.87500761344563,39034.7
159.89544155139447,39041.945
159.9158756893521,39044.742
159.93630972730898,39041.766
159.95674376502575,39034.977
159.97717780251696,39035.305
159.99761183977535,39037.938
160.01804587702645,39035.184
160.038479914052,39043.293
160.05891395084473,39038.94
160.07934798763017,39043.938
160.09978202419006,39035.363
160.12021596051636,39046.93
160.1406500968369,39028.11
160.16108413293114,39041.28
160.18151806879177,39054.156
160.20195220464666,39033.043
160.22238624027523,39035.8
160.2428201756702,39039.766
160.26325421105867,39041.08
160.28368834622233,39044.48
160.30412228115165,39042.234
160.32455631607445,39033.55
160.34499045077246,39034.625
160.36542448523687,39021.945
160.38585841969325,39036.566
160.40629245392483,39063.652
160.42672658792435,39030.8
160.44716052191507,39045.766
160.46759455544816,39036.48
160.48802868921484,39042.453
160.50846262250707,39037.902
160.52889665580733,39045.195
160.54933068887476,39048.086
160.56976472193492,39042.4
160.59019875476952,39039.406
160.6106327873713,39033.45
160.63106671973947,39021.816
160.6515008521019,39026.754
160.671934884238,39056.125
160.69236881636607,39032.152
160.71280294803728,39040.797
160.73323697970773,39039.332
160.75367091137014,39043.12
160.77410494280775,39043.887
160.7945390740133,39029.703
160.81497310497798,39027.203
160.83540703594917,39028.3
160.85584116668906,39027.65
160.87627519718808,39041.082
160.8967091276936,39027.402
160.91714315796708,39042.914
160.9375772880012,39025.76
160.95801121780823,39039.375
160.97844524761604,39022.99
160.99887937741732,39025.1
161.0193133067587,39043.215
161.03974733610085,39028.957
161.06018136520288,39021.82
161.0806153943122,39036.68
161.10104942295584,39024.895
161.12148345182504,39022.88
161.14191758023662,39022.086
161.16235150864668,39027.355
161.1827855368174,39037.03
161.2032194647618,39032.81
161.2236535927077,39010.633
161.26452164789225,39025.027
161.284955575371,39025.535
161.30538970261114,39049.69
161.32582372962497,39049.918
161.34625765663804,39036.996
161.36669178341253,39037.29
161.3871258099607,39027.062
161.40755973650812,39029.023
161.4279937628162,39034.87
161.44842788889946,39029.66
161.46886181474838,39038.55
161.48929584059806,39022.105
161.5097299662084,39045.082
161.5301638918245,39024.37
161.5505979169684,39042.984
161.5710319421196,39029.258
161.59146606727154,39043.805
161.61189999218914,39027.63
161.6323340168674,39024.24
161.65276814132085,39026.64
161.67320216576627,39018.977
161.69363608975254,39030.332
161.7140701139724,39047.355
161.7345042377201,39020.176
161.75493816147355,39037.863
161.77537218499492,39040.637
161.79580620850902,39030.348
161.81624023179756,39034.465
161.83667425485328,39022.54
161.85710827767616,39029.016
161.87754240049253,39023.137
161.89797632308182,39022.215
161.91841034543177,39038.184
161.93884426778823,39025.277
161.95927838991338,39032.324
161.97971241180494,39032.65
162.00014643368922,39045.316
162.02058045534795,39037.043
162.04101447676658,39043.047
162.06144849795965,39028.367
162.08188241915195,39047.73
162.10231654011295,39041.01
162.1227505610659,39043.35
162.14318448155973,39047.984
162.16361860228062,39052.004
162.18405262254237,39032.305
162.20448654280335,39031.55
162.22492056283227,39029.508
162.24535468262184,39025.258
162.26578860218433,39026.05
162.28622262174758,39022.07
162.3066567410715,39034.438
162.32709076040192,39039.88
162.34752467949875,39022.12
162.36795869835623,39041.176
162.38839281698893,39036.832
162.40882673561282,39030.516
162.42926075401192,39034.39
162.44969467217743,39033.664
162.47012879034446,39040.406
162.49056280827062,39037.72
162.51099622597394,39028.566
162.53143034366803,39023.355
162.55186426090222,39038.78
162.57229827836272,39036.695
162.59273229536484,39037.89
162.61316641236772,39039.668
162.63360032913624,39037.41
162.65403434566542,39028.176
162.67446846220264,39032.516
162.69490237849823,39036.99
162.71533639456902,39024.64
162.73577041063982,39025.51
162.75620442647778,39023.62
162.77663844207564,39023.113
162.79707245744794,39016.777
162.81750647281297,39039.94
162.83794048795244,39022.266
162.8583745030919,39033.535
162.87880841776496,39029.184
162.89924253243225,39020.16
162.91967654687323,39034.6
162.94011046131345,39030.832
162.96054447551433,39044.305
162.9809785894904,39033.3
163.00141250346496,39035.656
163.02184651696734,39052.445
163.04228063047776,39030.26
163.06271464398014,39055.625
163.0831485572562,39031.523
163.10358257006737,39026.004
163.12401668311213,39021.973
163.14445059568243,39034.43
163.16488460826076,39006.117
163.18531872059975,39023.93
163.2057526329445,39041.344
163.22618664505717,39022.15
163.246620656937,39046.04
163.26705466857675,39023.754
163.28748868022376,39026.29
163.30792269163794,39029.203
163.32835680281278,39029.16
163.34879071376054,39027.11
163.36922472470906,39034.066
163.3896586354167,39022.01
163.41009274613316,39031.418
163.43052675661602,39024.016
163.450960666858,39021.93
163.47139477687597,39027.344
163.49182878666034,39034.977
163.51226279643743,39037.516
163.5326967059882,39043.96
163.55313081553322,39019.57
163.57356482485193,39021.188
163.59399873393704,39030.902
163.6144327427901,39022.023
163.63486685163662,39017.93
163.65530076025607,39015.902
163.67573476864345,39017.57
163.69616887702432,39020.387
163.71660278494528,39024.387
163.73703679309983,39026.77
163.75747080078145,39016.08
163.77790480847034,39026.125
163.7983388159264,39015.066
163.81877282314235,39026.586
163.83920693036634,39012.21
163.85964083735598,39036.395
163.88007484410628,39028.79
163.90050875063025,39024.07
163.92094285715575,39023.84
163.94137686344038,39031.42
163.96181086949946,39022.273
163.98224487555854,39022.934
164.0026788813775,39026.08
164.02311288697092,39028.84
164.04354679233074,39027.066
164.06398089768481,39022.223
164.08441490281257,39022.52
164.10484890794032,39012.8
164.12528281259438,39021.266
164.14571691725723,39015.81
164.16615082191856,39018.46
164.18658482610772,39016.98
164.2070189303049,39010.695
164.24788683799125,39007.383
164.26832084172202,39007.664
164.28875484521996,39020.152
164.3091888484778,39023.957
164.3296228517429,39017.86
164.35005695477594,39004.707
164.3704909575681,39015.25
164.39092486013396,39025.086
164.41135886270058,39019.65
164.4317928650271,39020.668
164.45222686712805,39025.805
164.472660869229,39015.1
164.49309497085778,39013.07
164.51352887249232,39015.914
164.5339628741276,39024.504
164.55439687528997,39000.39
164.5748308764596,39018.812
164.59526487762923,39021.527
164.61569887832593,39024.566
164.63613277902914,39018.97
164.65656687950104,39021.273
164.6770008799649,39027.773
164.6974348799704,39027.062
164.71786887997587,39012.05
164.73830287974124,39018.3
164.7587368795139,39008.773
164.77917077905295,39016.414
164.79960487835342,39024.363
164.82003887742758,39025.562
164.84047277650097,39009.426
164.8609068753358,39006.93
164.88134087394428,39012.266
164.9017747723192,39010.51
164.92220877068758,39008.29
164.94264286883117,39012.67
164.96307676697324,39013.125
164.98351076465042,39016.6
